<?xml version="1.0" encoding="UTF-8"?><!--
        *** GENERATED FROM jax-ws.xml - DO NOT EDIT !                             ***
        *** TO MODIFY wsimport options USE Web Service node -> Edit WS Attributes ***
        *** TO CHANGE TARGETS GENERATED TO jaxws-build.xml COPY THOSE             ***
        *** TARGETS TO ../build.xml AND MODIFY THAT FILE INSTEAD                  ***

        --><project xmlns:xalan="http://xml.apache.org/xslt" xmlns:j2seproject3="http://www.netbeans.org/ns/j2se-project/3" xmlns:jaxws="http://www.netbeans.org/ns/jax-ws/1">
    <!--
                ===================
                JAX-WS WSIMPORT SECTION
                ===================
            -->
    <target name="wsimport-init" depends="init">
        <mkdir dir="${build.generated.sources.dir}/jax-ws"/>
        <taskdef name="wsimport" classname="com.sun.tools.ws.ant.WsImport">
            <classpath path="${libs.jaxws21.classpath}"/>
        </taskdef>
    </target>
    <target name="wsimport-client-Sever" depends="wsimport-init">
        <mkdir dir="${build.generated.dir}/jax-wsCache/Sever"/>
        <property name="wsdl-Sever" location="xml-resources/web-service-references/Sever/wsdl/localhost_8080/CSA_CW_Server_Side/Sever.wsdl"/>
        <wsimport sourcedestdir="${build.generated.dir}/jax-wsCache/Sever" destdir="${build.generated.dir}/jax-wsCache/Sever" wsdl="${wsdl-Sever}" catalog="catalog.xml" encoding="${source.encoding}" extension="true" verbose="true" fork="false" wsdlLocation="http://localhost:8080/CSA_CW_Server_Side/Sever?wsdl" xnocompile="true" xendorsed="true">
            <depends file="${wsdl-Sever}"/>
            <produces dir="${build.generated.dir}/jax-wsCache/Sever"/>
        </wsimport>
        <copy todir="${build.generated.sources.dir}/jax-ws">
            <fileset dir="${build.generated.dir}/jax-wsCache/Sever">
                <include name="**/*.java"/>
            </fileset>
        </copy>
    </target>
    <target name="wsimport-client-clean-Sever" depends="-init-project">
        <delete dir="${build.generated.dir}/jax-wsCache/Sever"/>
        <delete dir="${build.generated.sources.dir}/jax-ws/sever"/>
    </target>
    <target name="wsimport-client-SeverThread" depends="wsimport-init">
        <mkdir dir="${build.generated.dir}/jax-wsCache/SeverThread"/>
        <property name="wsdl-SeverThread" location="xml-resources/web-service-references/SeverThread/wsdl/localhost_8080/CSA_CW_Server_Side/SeverThread.wsdl"/>
        <wsimport sourcedestdir="${build.generated.dir}/jax-wsCache/SeverThread" destdir="${build.generated.dir}/jax-wsCache/SeverThread" wsdl="${wsdl-SeverThread}" catalog="catalog.xml" encoding="${source.encoding}" extension="true" verbose="true" fork="false" wsdlLocation="http://localhost:8080/CSA_CW_Server_Side/SeverThread?wsdl" xnocompile="true" xendorsed="true">
            <depends file="${wsdl-SeverThread}"/>
            <produces dir="${build.generated.dir}/jax-wsCache/SeverThread"/>
        </wsimport>
        <copy todir="${build.generated.sources.dir}/jax-ws">
            <fileset dir="${build.generated.dir}/jax-wsCache/SeverThread">
                <include name="**/*.java"/>
            </fileset>
        </copy>
    </target>
    <target name="wsimport-client-clean-SeverThread" depends="-init-project">
        <delete dir="${build.generated.dir}/jax-wsCache/SeverThread"/>
        <delete dir="${build.generated.sources.dir}/jax-ws/severthread"/>
    </target>
    <target name="wsimport-client-generate" depends="wsimport-client-Sever, wsimport-client-SeverThread"/>
</project>
